{"cameraMode":{"drawMode":0,"name":"Shaded","section":"Shading Mode"},"sceneLighting":false,"audioPlay":false,"sceneViewState":{"m_AlwaysRefresh":false,"showFog":true,"showSkybox":false,"showFlares":true,"showImageEffects":true,"showParticleSystems":true,"showVisualEffectGraphs":true,"m_FxEnabled":true},"in2DMode":false,"pivot":{"x":-3.0389199256896974,"y":-5.447925567626953,"z":13.442146301269532},"rotation":{"x":0.11673353612422943,"y":-0.0011954623041674495,"z":0.00014044057752471417,"w":0.9931637048721314},"size":14.150191307067871,"orthographic":false}